A,B,C,fault_net,stuck_value,good_output,faulty_output,detected
0,0,0,A,0,0,0,0
0,0,0,A,1,0,0,0
0,0,0,B,0,0,0,0
0,0,0,B,1,0,0,0
0,0,0,C,0,0,0,0
0,0,0,C,1,0,1,1
0,0,0,N1,0,0,0,0
0,0,0,N1,1,0,1,1
0,0,0,N2,0,0,0,0
0,0,0,N2,1,0,1,1
0,0,1,A,0,1,1,0
0,0,1,A,1,1,1,0
0,0,1,B,0,1,1,0
0,0,1,B,1,1,1,0
0,0,1,C,0,1,0,1
0,0,1,C,1,1,1,0
0,0,1,N1,0,1,1,0
0,0,1,N1,1,1,1,0
0,0,1,N2,0,1,0,1
0,0,1,N2,1,1,1,0
0,1,0,A,0,0,0,0
0,1,0,A,1,0,1,1
0,1,0,B,0,0,0,0
0,1,0,B,1,0,0,0
0,1,0,C,0,0,0,0
0,1,0,C,1,0,1,1
0,1,0,N1,0,0,0,0
0,1,0,N1,1,0,1,1
0,1,0,N2,0,0,0,0
0,1,0,N2,1,0,1,1
0,1,1,A,0,1,1,0
0,1,1,A,1,1,1,0
0,1,1,B,0,1,1,0
0,1,1,B,1,1,1,0
0,1,1,C,0,1,0,1
0,1,1,C,1,1,1,0
0,1,1,N1,0,1,1,0
0,1,1,N1,1,1,1,0
0,1,1,N2,0,1,0,1
0,1,1,N2,1,1,1,0
1,0,0,A,0,0,0,0
1,0,0,A,1,0,0,0
1,0,0,B,0,0,0,0
1,0,0,B,1,0,1,1
1,0,0,C,0,0,0,0
1,0,0,C,1,0,1,1
1,0,0,N1,0,0,0,0
1,0,0,N1,1,0,1,1
1,0,0,N2,0,0,0,0
1,0,0,N2,1,0,1,1
1,0,1,A,0,1,1,0
1,0,1,A,1,1,1,0
1,0,1,B,0,1,1,0
1,0,1,B,1,1,1,0
1,0,1,C,0,1,0,1
1,0,1,C,1,1,1,0
1,0,1,N1,0,1,1,0
1,0,1,N1,1,1,1,0
1,0,1,N2,0,1,0,1
1,0,1,N2,1,1,1,0
1,1,0,A,0,1,0,1
1,1,0,A,1,1,1,0
1,1,0,B,0,1,0,1
1,1,0,B,1,1,1,0
1,1,0,C,0,1,1,0
1,1,0,C,1,1,1,0
1,1,0,N1,0,1,0,1
1,1,0,N1,1,1,1,0
1,1,0,N2,0,1,0,1
1,1,0,N2,1,1,1,0
1,1,1,A,0,1,1,0
1,1,1,A,1,1,1,0
1,1,1,B,0,1,1,0
1,1,1,B,1,1,1,0
1,1,1,C,0,1,1,0
1,1,1,C,1,1,1,0
1,1,1,N1,0,1,1,0
1,1,1,N1,1,1,1,0
1,1,1,N2,0,1,0,1
1,1,1,N2,1,1,1,0
