sample,A,B,C,fault_net,stuck_value,good_output,faulty_output,actual_detected,student_prediction,student_probability,prediction_label
1,0,0,0,A,0,0,0,0,0,0.0,FAULT NOT DETECTED
2,0,0,0,A,1,0,0,0,0,0.0,FAULT NOT DETECTED
3,0,0,0,B,0,0,0,0,0,0.0,FAULT NOT DETECTED
4,0,0,0,B,1,0,0,0,0,0.0,FAULT NOT DETECTED
5,0,0,0,C,0,0,0,0,0,0.0,FAULT NOT DETECTED
6,0,0,0,C,1,0,1,1,0,0.0,FAULT NOT DETECTED
7,0,0,0,N1,0,0,0,0,0,0.0,FAULT NOT DETECTED
8,0,0,0,N1,1,0,1,1,0,0.0,FAULT NOT DETECTED
9,0,0,0,N2,0,0,0,0,0,0.0,FAULT NOT DETECTED
10,0,0,0,N2,1,0,1,1,1,1.0,FAULT DETECTED
11,0,0,1,A,0,1,1,0,0,0.0,FAULT NOT DETECTED
12,0,0,1,A,1,1,1,0,0,0.0,FAULT NOT DETECTED
13,0,0,1,B,0,1,1,0,0,0.0,FAULT NOT DETECTED
14,0,0,1,B,1,1,1,0,0,0.0,FAULT NOT DETECTED
15,0,0,1,C,0,1,0,1,0,0.0,FAULT NOT DETECTED
16,0,0,1,C,1,1,1,0,0,0.0,FAULT NOT DETECTED
17,0,0,1,N1,0,1,1,0,0,0.0,FAULT NOT DETECTED
18,0,0,1,N1,1,1,1,0,0,0.0,FAULT NOT DETECTED
19,0,0,1,N2,0,1,0,1,0,0.0,FAULT NOT DETECTED
20,0,0,1,N2,1,1,1,0,0,0.0,FAULT NOT DETECTED
21,0,1,0,A,0,0,0,0,0,0.0,FAULT NOT DETECTED
22,0,1,0,A,1,0,1,1,0,0.0,FAULT NOT DETECTED
23,0,1,0,B,0,0,0,0,0,0.0,FAULT NOT DETECTED
24,0,1,0,B,1,0,0,0,0,0.0,FAULT NOT DETECTED
25,0,1,0,C,0,0,0,0,0,0.0,FAULT NOT DETECTED
26,0,1,0,C,1,0,1,1,0,0.0,FAULT NOT DETECTED
27,0,1,0,N1,0,0,0,0,0,0.0,FAULT NOT DETECTED
28,0,1,0,N1,1,0,1,1,0,0.0,FAULT NOT DETECTED
29,0,1,0,N2,0,0,0,0,0,0.0,FAULT NOT DETECTED
30,0,1,0,N2,1,0,1,1,0,0.0,FAULT NOT DETECTED
31,0,1,1,A,0,1,1,0,0,0.0,FAULT NOT DETECTED
32,0,1,1,A,1,1,1,0,0,0.0,FAULT NOT DETECTED
33,0,1,1,B,0,1,1,0,0,0.0,FAULT NOT DETECTED
34,0,1,1,B,1,1,1,0,0,0.0,FAULT NOT DETECTED
35,0,1,1,C,0,1,0,1,0,0.0,FAULT NOT DETECTED
36,0,1,1,C,1,1,1,0,0,0.0,FAULT NOT DETECTED
37,0,1,1,N1,0,1,1,0,0,0.0,FAULT NOT DETECTED
38,0,1,1,N1,1,1,1,0,0,0.0,FAULT NOT DETECTED
39,0,1,1,N2,0,1,0,1,0,0.0,FAULT NOT DETECTED
40,0,1,1,N2,1,1,1,0,0,0.0,FAULT NOT DETECTED
41,1,0,0,A,0,0,0,0,0,0.0,FAULT NOT DETECTED
42,1,0,0,A,1,0,0,0,0,0.0,FAULT NOT DETECTED
43,1,0,0,B,0,0,0,0,0,0.0,FAULT NOT DETECTED
44,1,0,0,B,1,0,1,1,0,0.0,FAULT NOT DETECTED
45,1,0,0,C,0,0,0,0,0,0.0,FAULT NOT DETECTED
46,1,0,0,C,1,0,1,1,0,0.0,FAULT NOT DETECTED
47,1,0,0,N1,0,0,0,0,0,0.0,FAULT NOT DETECTED
48,1,0,0,N1,1,0,1,1,0,0.0,FAULT NOT DETECTED
49,1,0,0,N2,0,0,0,0,0,0.0,FAULT NOT DETECTED
50,1,0,0,N2,1,0,1,1,0,0.0,FAULT NOT DETECTED
51,1,0,1,A,0,1,1,0,0,0.0,FAULT NOT DETECTED
52,1,0,1,A,1,1,1,0,0,0.0,FAULT NOT DETECTED
53,1,0,1,B,0,1,1,0,0,0.0,FAULT NOT DETECTED
54,1,0,1,B,1,1,1,0,0,0.0,FAULT NOT DETECTED
55,1,0,1,C,0,1,0,1,0,0.0,FAULT NOT DETECTED
56,1,0,1,C,1,1,1,0,0,0.0,FAULT NOT DETECTED
57,1,0,1,N1,0,1,1,0,0,0.0,FAULT NOT DETECTED
58,1,0,1,N1,1,1,1,0,0,0.0,FAULT NOT DETECTED
59,1,0,1,N2,0,1,0,1,0,0.0,FAULT NOT DETECTED
60,1,0,1,N2,1,1,1,0,0,0.0,FAULT NOT DETECTED
61,1,1,0,A,0,1,0,1,0,0.0,FAULT NOT DETECTED
62,1,1,0,A,1,1,1,0,0,0.0,FAULT NOT DETECTED
63,1,1,0,B,0,1,0,1,0,0.0,FAULT NOT DETECTED
64,1,1,0,B,1,1,1,0,0,0.0,FAULT NOT DETECTED
65,1,1,0,C,0,1,1,0,0,0.0,FAULT NOT DETECTED
66,1,1,0,C,1,1,1,0,0,0.0,FAULT NOT DETECTED
67,1,1,0,N1,0,1,0,1,0,0.0,FAULT NOT DETECTED
68,1,1,0,N1,1,1,1,0,0,0.0,FAULT NOT DETECTED
69,1,1,0,N2,0,1,0,1,0,0.0,FAULT NOT DETECTED
70,1,1,0,N2,1,1,1,0,0,0.0,FAULT NOT DETECTED
71,1,1,1,A,0,1,1,0,0,0.0,FAULT NOT DETECTED
72,1,1,1,A,1,1,1,0,0,0.0,FAULT NOT DETECTED
73,1,1,1,B,0,1,1,0,0,0.0,FAULT NOT DETECTED
74,1,1,1,B,1,1,1,0,0,0.0,FAULT NOT DETECTED
75,1,1,1,C,0,1,1,0,0,0.0,FAULT NOT DETECTED
76,1,1,1,C,1,1,1,0,0,0.0,FAULT NOT DETECTED
77,1,1,1,N1,0,1,1,0,0,0.0,FAULT NOT DETECTED
78,1,1,1,N1,1,1,1,0,0,0.0,FAULT NOT DETECTED
79,1,1,1,N2,0,1,0,1,1,1.0,FAULT DETECTED
80,1,1,1,N2,1,1,1,0,0,0.0,FAULT NOT DETECTED
