actual,teacher_probability,student_probability,student_prediction
0,0.19,0.5298761098432203,1
0,0.075,0.4194847131347835,0
1,0.975,0.6259658020446536,1
0,0.145,0.742984539009024,1
1,0.99,0.4836112665292116,0
0,0.19,0.9359188131895575,1
0,0.04,0.0672037731532864,0
0,0.015,0.10064529978227044,0
0,0.06,0.07597759931522918,0
0,0.01,0.07498538629119123,0
0,0.055,0.14553753770392452,0
0,0.005,0.08743480822520988,0
0,0.045,0.0966633751945023,0
0,0.005,0.10976061919400015,0
1,0.995,1.0,1
0,0.2,0.26156064878898155,0
